sample	data_type	qc_pipeline	reference	total_reads	mapped_reads	mapped_pct	proper_pairs	proper_pairs_pct	mean_mapq	median_mapq	mq0	mq0_pct	mq1_19	mq1_19_pct	mq20_29	mq20_29_pct	mq30_59	mq30_59_pct	mq60	mq60_pct	coverage_mean	coverage_median	pct_zero_coverage
SRX4183068_SRR7279723_bwamem2	Illumina_shortreads	samtools_bam_qc_v3	S_lycopersicum_4.00	34723569	34529040	99.44	31497070	90.7080	49.2369	60	4986125	14.4404	550136	1.5933	377626	1.0936	2014205	5.8334	26600948	77.0394	6.3388	5	1.9781
SRX4183070_SRR7279721_bwamem2	Illumina_shortreads	samtools_bam_qc_v3	S_lycopersicum_4.00	51188974	50782484	99.21	41171756	80.4309	40.9022	60	12629319	24.8694	2295496	4.5203	1007938	1.9848	3514870	6.9214	31334861	61.7041	8.7516	7	5.0591
SRX4183067_SRR7279724_bwamem2	Illumina_shortreads	samtools_bam_qc_v3	S_lycopersicum_4.00	50927558	50626424	99.41	47362146	92.9991	49.5175	60	7319484	14.4578	639252	1.2627	487320	0.9626	2711341	5.3556	39469027	77.9613	9.4238	8	0.8126
SRX27341371_SRR31986664_bwamem2	Illumina_shortreads	samtools_bam_qc_v3	S_lycopersicum_4.00	111531854	111244205	99.74	110277170	98.8750	50.5633	60	15127364	13.5983	797995	0.7173	892469	0.8023	4737985	4.2591	89688392	80.6230	21.2624	18	0.2975
SRX4183069_SRR7279722_bwamem2	Illumina_shortreads	samtools_bam_qc_v3	S_lycopersicum_4.00	108312577	107623179	99.36	100534166	92.8186	50.9158	60	12935358	12.0191	1416962	1.3166	1064606	0.9892	5968107	5.5454	86238146	80.1297	19.9960	18	0.5609
SRX27341537_SRR31986498_bwamem2	Illumina_shortreads	samtools_bam_qc_v3	S_lycopersicum_4.00	114356329	114031022	99.72	112979802	98.7963	49.5289	60	17252881	15.1300	960788	0.8426	991075	0.8691	5031391	4.4123	89794887	78.7460	21.7818	18	0.4210
SRX4183065_SRR7279726_bwamem2	Illumina_shortreads	samtools_bam_qc_v3	S_lycopersicum_4.00	114185099	113483080	99.39	106106696	92.9252	46.5170	60	21818263	19.2260	1665531	1.4676	1175998	1.0363	6082464	5.3598	82740824	72.9103	21.1005	17	0.9666
SRX4183066_SRR7279725_bwamem2	Illumina_shortreads	samtools_bam_qc_v3	S_lycopersicum_4.00	139995865	139365460	99.55	128989658	92.1382	50.5874	60	17418300	12.4983	1914682	1.3739	1387987	0.9959	7754942	5.5645	110889549	79.5675	25.9351	23	0.4685
SRX4183083_SRR7279708_bwamem2	Illumina_shortreads	samtools_bam_qc_v3	S_lycopersicum_4.00	42455040	42201446	99.40	39229116	92.4016	47.3252	60	7194346	17.0476	893630	2.1175	542589	1.2857	2427642	5.7525	31143239	73.7966	7.7753	6	1.9999
SRX4183080_SRR7279711_bwamem2	Illumina_shortreads	samtools_bam_qc_v3	S_lycopersicum_4.00	56400701	56070229	99.41	52269538	92.6753	50.1288	60	7486347	13.3517	735913	1.3125	554679	0.9893	3069073	5.4736	44224217	78.8729	10.4377	9	0.7856
SRX4183078_SRR7279713_bwamem2	Illumina_shortreads	samtools_bam_qc_v3	S_lycopersicum_4.00	57589790	57193206	99.31	53018664	92.0626	46.4175	60	10976485	19.1919	953607	1.6673	608849	1.0645	3060378	5.3509	41593887	72.7252	10.5565	9	1.3883
SRX4183084_SRR7279707_bwamem2	Illumina_shortreads	samtools_bam_qc_v3	S_lycopersicum_4.00	50572337	50304570	99.47	43056370	85.1382	44.8502	60	10093310	20.0644	1545357	3.0720	751055	1.4930	3194897	6.3511	34719951	69.0195	8.7861	7	2.7808
SRX4183082_SRR7279709_bwamem2	Illumina_shortreads	samtools_bam_qc_v3	S_lycopersicum_4.00	86089598	85556697	99.38	80414656	93.4081	47.4766	60	14783007	17.2786	1490694	1.7423	966717	1.1299	4753026	5.5554	63563253	74.2937	15.8024	13	1.1094
SRX4183075_SRR7279716_bwamem2	Illumina_shortreads	samtools_bam_qc_v3	S_lycopersicum_4.00	121722896	121067113	99.46	115176108	94.6216	49.6898	60	16938903	13.9913	1699823	1.4040	1254194	1.0359	6518297	5.3840	94655896	78.1846	22.4410	20	0.7115
SRX4183071_SRR7279720_bwamem2	Illumina_shortreads	samtools_bam_qc_v3	S_lycopersicum_4.00	76879319	76264920	99.20	67685698	88.0415	45.9050	60	13752862	18.0330	2415729	3.1675	1293363	1.6959	4912406	6.4412	53890560	70.6623	13.7921	12	3.3358
SRX4183089_SRR7279702_bwamem2	Illumina_shortreads	samtools_bam_qc_v3	S_lycopersicum_4.00	46558621	46171702	99.17	41820122	89.8225	48.7892	60	6152570	13.3254	1395789	3.0230	762354	1.6511	3072568	6.6547	34788421	75.3458	8.5345	7	2.9572
SRX4183077_SRR7279714_bwamem2	Illumina_shortreads	samtools_bam_qc_v3	S_lycopersicum_4.00	118567888	117566075	99.16	109469452	92.3264	50.5725	60	14168381	12.0514	1986876	1.6900	1364946	1.1610	7041167	5.9891	93004705	79.1085	21.5901	20	1.0615
SRX4183086_SRR7279705_bwamem2	Illumina_shortreads	samtools_bam_qc_v3	S_lycopersicum_4.00	48224538	47914439	99.36	41208584	85.4515	43.5514	60	10412527	21.7315	1630782	3.4035	799696	1.6690	3158443	6.5918	31912991	66.6041	8.3679	7	4.2727
SRX4183093_SRR7279698_bwamem2	Illumina_shortreads	samtools_bam_qc_v3	S_lycopersicum_4.00	42789568	42415702	99.13	39066664	91.2995	46.4135	60	7129581	16.8088	1433863	3.3805	796912	1.8788	2841209	6.6985	30214137	71.2334	7.8054	7	4.5604
SRX25048037_SRR29540650_bwamem2	Illumina_shortreads	samtools_bam_qc_v3	S_lycopersicum_4.00	272938457	265310502	97.21	256811770	94.0915	49.8198	60	36772052	13.8600	3612102	1.3615	2849139	1.0739	13860830	5.2244	208216379	78.4803	49.9020	44	0.8818
SRX4183073_SRR7279718_bwamem2	Illumina_shortreads	samtools_bam_qc_v3	S_lycopersicum_4.00	102838299	101851437	99.04	96477100	93.8144	49.6379	60	14183424	13.9256	1529655	1.5018	1076158	1.0566	5750885	5.6463	79311315	77.8696	18.7700	16	0.7699
SRX4183095_SRR7279696_bwamem2	Illumina_shortreads	samtools_bam_qc_v3	S_lycopersicum_4.00	99970857	98872160	98.90	90863026	90.8895	45.8794	60	17142392	17.3379	3631250	3.6727	1971922	1.9944	6750243	6.8272	69376353	70.1677	18.1582	15	3.6104
SRX4183074_SRR7279717_bwamem2	Illumina_shortreads	samtools_bam_qc_v3	S_lycopersicum_4.00	200685009	199051441	99.19	183671930	91.5225	48.3865	60	28985959	14.5620	5344153	2.6848	2872125	1.4429	12376666	6.2178	149472538	75.0924	36.7116	32	1.8532
SRX4183099_SRR7279692_bwamem2	Illumina_shortreads	samtools_bam_qc_v3	S_lycopersicum_4.00	87807957	87107928	99.20	78887040	89.8404	47.0257	60	14226948	16.3326	2615914	3.0031	1444060	1.6578	5618352	6.4499	63202654	72.5567	15.9189	14	3.1998
SRX4183098_SRR7279693_bwamem2	Illumina_shortreads	samtools_bam_qc_v3	S_lycopersicum_4.00	86461651	85632305	99.04	77002644	89.0599	47.3608	60	12926700	15.0956	2968019	3.4660	1623753	1.8962	5923788	6.9177	62190045	72.6245	15.6175	14	3.2449
SRX4183102_SRR7279689_bwamem2	Illumina_shortreads	samtools_bam_qc_v3	S_lycopersicum_4.00	114725466	114212370	99.55	95622740	83.3492	43.6244	60	26258360	22.9908	2800466	2.4520	1369996	1.1995	6503330	5.6941	77280218	67.6636	19.7157	16	0.6994
SRX4183085_SRR7279706_bwamem2	Illumina_shortreads	samtools_bam_qc_v3	S_lycopersicum_4.00	103172708	102596315	99.44	92146814	89.3132	46.9612	60	17401393	16.9610	2711132	2.6425	1485202	1.4476	6412503	6.2502	74586085	72.6986	18.5147	16	1.7331
SRX4183106_SRR7279685_bwamem2	Illumina_shortreads	samtools_bam_qc_v3	S_lycopersicum_4.00	56056775	55584559	99.16	49665064	88.5978	46.6325	60	9111199	16.3916	1894551	3.4084	1027430	1.8484	3831903	6.8938	39719476	71.4578	10.2332	9	3.7591
SRX4183114_SRR7279677_bwamem2	Illumina_shortreads	samtools_bam_qc_v3	S_lycopersicum_4.00	40128615	39793282	99.16	36311922	90.4888	45.7214	60	7461373	18.7503	1129570	2.8386	632784	1.5902	2476256	6.2228	28093299	70.5981	7.3354	6	4.4204
SRX4183101_SRR7279690_bwamem2	Illumina_shortreads	samtools_bam_qc_v3	S_lycopersicum_4.00	123554399	122848012	99.43	115968282	93.8601	49.6358	60	17555436	14.2904	1544472	1.2572	1155179	0.9403	6548800	5.3308	96044125	78.1813	22.8954	20	0.5290
SRX4183107_SRR7279684_bwamem2	Illumina_shortreads	samtools_bam_qc_v3	S_lycopersicum_4.00	69414973	69120652	99.58	59104482	85.1466	43.1691	60	16590548	24.0023	1528825	2.2118	791753	1.1455	3888578	5.6258	46320948	67.0146	12.0930	10	1.4026
SRX326415_SRR941559_bwamem2	Illumina_shortreads	samtools_bam_qc_v3	S_lycopersicum_4.00	356383500	349322388	98.02	335666164	94.1868	48.2773	60	54344535	15.5571	5221848	1.4949	4961607	1.4204	25801753	7.3862	258992645	74.1414	44.6177	37	0.2359
SRX4183100_SRR7279691_bwamem2	Illumina_shortreads	samtools_bam_qc_v3	S_lycopersicum_4.00	180899298	179799351	99.39	168738754	93.2777	49.3275	60	26113127	14.5235	2620178	1.4573	1842072	1.0245	9923264	5.5191	139300710	77.4756	33.4651	29	0.5471
SRX4183104_SRR7279687_bwamem2	Illumina_shortreads	samtools_bam_qc_v3	S_lycopersicum_4.00	112219900	111301550	99.18	101803828	90.7182	47.3127	60	17688525	15.8924	3361413	3.0201	1800387	1.6176	7050136	6.3343	81401089	73.1356	20.4668	18	3.0036
SRX4183110_SRR7279681_bwamem2	Illumina_shortreads	samtools_bam_qc_v3	S_lycopersicum_4.00	110635925	110005319	99.43	102987130	93.0865	48.3685	60	17761362	16.1459	1572408	1.4294	1133272	1.0302	6052543	5.5020	83485734	75.8925	20.4205	17	0.7572
SRX4183111_SRR7279680_bwamem2	Illumina_shortreads	samtools_bam_qc_v3	S_lycopersicum_4.00	90967799	90341074	99.31	83697386	92.0077	45.9691	60	17966448	19.8874	1516483	1.6786	980003	1.0848	4971999	5.5036	64906141	71.8457	16.7135	13	1.1227
SRX4183109_SRR7279682_bwamem2	Illumina_shortreads	samtools_bam_qc_v3	S_lycopersicum_4.00	106121159	105494232	99.41	96046998	90.5069	47.4180	60	17215445	16.3188	2616487	2.4802	1557508	1.4764	6573064	6.2307	77531728	73.4938	19.4351	17	2.0630
SRX4183129_SRR7279662_bwamem2	Illumina_shortreads	samtools_bam_qc_v3	S_lycopersicum_4.00	34190881	33971491	99.36	31249834	91.3982	49.4820	60	4404121	12.9642	811529	2.3889	498258	1.4667	2137671	6.2925	26119912	76.8877	6.2421	5	3.4452
SRX4183103_SRR7279688_bwamem2	Illumina_shortreads	samtools_bam_qc_v3	S_lycopersicum_4.00	110411493	109788009	99.44	102890720	93.1884	49.9975	60	14878056	13.5516	1449137	1.3199	1091117	0.9938	6045562	5.5066	86324137	78.6280	20.4507	18	0.4450
SRX4183105_SRR7279686_bwamem2	Illumina_shortreads	samtools_bam_qc_v3	S_lycopersicum_4.00	118406054	117487780	99.22	107039750	90.4006	48.4530	60	16422263	13.9778	3504023	2.9825	1938965	1.6504	7579005	6.4509	88043524	74.9385	21.6478	19	2.8694
SRX4183119_SRR7279672_bwamem2	Illumina_shortreads	samtools_bam_qc_v3	S_lycopersicum_4.00	122635024	121625896	99.18	110733412	90.2951	47.7724	60	18316687	15.0599	3723384	3.0613	1981186	1.6289	7846075	6.4510	89758564	73.7989	22.3366	20	2.9265
SRX4183131_SRR7279660_bwamem2	Illumina_shortreads	samtools_bam_qc_v3	S_lycopersicum_4.00	58872787	58551385	99.45	53082936	90.1655	48.8079	60	8995306	15.3631	889370	1.5190	586126	1.0010	3189389	5.4472	44891194	76.6697	10.7294	9	0.9371
SRX4183135_SRR7279656_bwamem2	Illumina_shortreads	samtools_bam_qc_v3	S_lycopersicum_4.00	83330278	83001846	99.61	60420376	72.5071	33.1751	60	33085276	39.8609	2858283	3.4436	916685	1.1044	4032613	4.8585	42108989	50.7326	12.9490	9	2.7767
SRX4183132_SRR7279659_bwamem2	Illumina_shortreads	samtools_bam_qc_v3	S_lycopersicum_4.00	71028950	70393613	99.11	62130388	87.4719	46.2182	60	11615042	16.5001	2778411	3.9470	1387777	1.9715	4941566	7.0199	49670817	70.5615	12.8934	11	2.0822
SRX4183130_SRR7279661_bwamem2	Illumina_shortreads	samtools_bam_qc_v3	S_lycopersicum_4.00	90994793	90389664	99.33	82177202	90.3098	48.8331	60	12096342	13.3824	2562392	2.8348	1497196	1.6564	6210398	6.8707	68023336	75.2557	16.5620	15	2.2369
SRX4183136_SRR7279655_bwamem2	Illumina_shortreads	samtools_bam_qc_v3	S_lycopersicum_4.00	88395235	87995883	99.55	81008652	91.6437	48.2768	60	14462731	16.4357	1199678	1.3633	855431	0.9721	4665849	5.3023	66812194	75.9265	16.2834	14	0.6909
SRX4183124_SRR7279667_bwamem2	Illumina_shortreads	samtools_bam_qc_v3	S_lycopersicum_4.00	63627003	62879051	98.82	46815156	73.5775	34.8071	60	21383223	34.0069	3446103	5.4805	1459447	2.3210	4394135	6.9882	32196143	51.2033	9.8502	7	5.6263
SRX4183121_SRR7279670_bwamem2	Illumina_shortreads	samtools_bam_qc_v3	S_lycopersicum_4.00	93273828	92198855	98.85	86828464	93.0898	49.1672	60	13136279	14.2478	1677212	1.8191	1055033	1.1443	5773736	6.2623	70556595	76.5265	16.9520	15	0.8415
SRX4183152_SRR7279639_bwamem2	Illumina_shortreads	samtools_bam_qc_v3	S_lycopersicum_4.00	32806731	32653079	99.53	27068020	82.5075	44.1969	60	7122880	21.8138	839086	2.5697	412402	1.2630	1938588	5.9369	22340123	68.4166	5.6529	4	5.6881
SRX4183123_SRR7279668_bwamem2	Illumina_shortreads	samtools_bam_qc_v3	S_lycopersicum_4.00	147101569	145766184	99.09	135523016	92.1289	49.0850	60	20138145	13.8154	3281327	2.2511	1982877	1.3603	9335477	6.4044	111028358	76.1688	26.7687	24	1.6754
SRX4183120_SRR7279671_bwamem2	Illumina_shortreads	samtools_bam_qc_v3	S_lycopersicum_4.00	111845947	111198146	99.42	103786968	92.7946	48.8541	60	17069349	15.3504	1593748	1.4333	1132554	1.0185	6082736	5.4702	85319759	76.7277	20.6421	18	0.8477
SRX4183146_SRR7279645_bwamem2	Illumina_shortreads	samtools_bam_qc_v3	S_lycopersicum_4.00	41564280	41233922	99.21	37881768	91.1402	48.1882	60	6072002	14.7257	1138033	2.7599	637761	1.5467	2610246	6.3303	30775880	74.6373	7.5726	7	3.7306
SRX4183144_SRR7279647_bwamem2	Illumina_shortreads	samtools_bam_qc_v3	S_lycopersicum_4.00	65736357	65398438	99.49	61060518	92.8870	48.5600	60	9876603	15.1022	1319418	2.0175	829956	1.2691	3719584	5.6876	49652877	75.9236	12.1128	10	1.6725
SRX4183151_SRR7279640_bwamem2	Illumina_shortreads	samtools_bam_qc_v3	S_lycopersicum_4.00	56456237	56146145	99.45	52575996	93.1270	47.9707	60	9013530	16.0537	1155694	2.0584	712286	1.2686	3196306	5.6928	42068329	74.9265	10.3647	9	2.0562
SRX4183149_SRR7279642_bwamem2	Illumina_shortreads	samtools_bam_qc_v3	S_lycopersicum_4.00	70502388	70001943	99.29	63437574	89.9793	47.2648	60	11294498	16.1345	1986456	2.8377	1108513	1.5835	4559473	6.5134	51053003	72.9308	12.7323	11	2.8680
SRX4183142_SRR7279649_bwamem2	Illumina_shortreads	samtools_bam_qc_v3	S_lycopersicum_4.00	84314987	83725548	99.30	77061710	91.3974	47.0649	60	13973948	16.6902	2265470	2.7058	1283237	1.5327	5187264	6.1956	61015629	72.8758	15.3787	13	3.0605
SRX4183170_SRR7279621_bwamem2	Illumina_shortreads	samtools_bam_qc_v3	S_lycopersicum_4.00	41885857	41515933	99.12	40273962	96.1517	49.9167	60	5905598	14.2249	400795	0.9654	355519	0.8563	2027730	4.8842	32826291	79.0691	7.8954	7	0.9425
SRX4183169_SRR7279622_bwamem2	Illumina_shortreads	samtools_bam_qc_v3	S_lycopersicum_4.00	37057801	36711408	99.07	35557580	95.9517	48.5606	60	5943757	16.1905	426029	1.1605	348214	0.9485	1879899	5.1207	28113509	76.5798	6.9769	6	1.8219
SRX4183143_SRR7279648_bwamem2	Illumina_shortreads	samtools_bam_qc_v3	S_lycopersicum_4.00	126822763	126049607	99.39	113162594	89.2289	45.7240	60	23975855	19.0210	3282346	2.6040	1898601	1.5062	7899156	6.2667	88993649	70.6021	22.6083	19	1.9086
SRX4183150_SRR7279641_bwamem2	Illumina_shortreads	samtools_bam_qc_v3	S_lycopersicum_4.00	148219155	147390386	99.44	140277742	94.6421	49.7718	60	20234210	13.7283	2221341	1.5071	1556292	1.0559	8065373	5.4721	115313170	78.2366	27.3014	24	0.9528
SRX4183140_SRR7279651_bwamem2	Illumina_shortreads	samtools_bam_qc_v3	S_lycopersicum_4.00	146372769	145542151	99.43	135760558	92.7499	48.8186	60	21695179	14.9065	2657323	1.8258	1719329	1.1813	8240499	5.6619	111229821	76.4245	26.8772	24	1.1989
SRX4183154_SRR7279637_bwamem2	Illumina_shortreads	samtools_bam_qc_v3	S_lycopersicum_4.00	86129840	85622793	99.41	79539208	92.3480	49.5552	60	12224496	14.2772	1152103	1.3456	849726	0.9924	4680549	5.4665	66715919	77.9184	15.8821	14	0.5870
SRX4183167_SRR7279624_bwamem2	Illumina_shortreads	samtools_bam_qc_v3	S_lycopersicum_4.00	110701991	109765596	99.15	94187598	85.0821	38.8056	60	31210347	28.4336	4839551	4.4090	2296699	2.0924	7392504	6.7348	64026495	58.3302	19.1931	14	4.0981
SRX4183158_SRR7279633_bwamem2	Illumina_shortreads	samtools_bam_qc_v3	S_lycopersicum_4.00	124804462	123992834	99.35	117637238	94.2572	48.4806	60	19587261	15.7971	1906808	1.5378	1333001	1.0751	7107157	5.7319	94058607	75.8581	22.9040	20	0.8775
SRX4183161_SRR7279630_bwamem2	Illumina_shortreads	samtools_bam_qc_v3	S_lycopersicum_4.00	105269782	104455043	99.23	97840844	92.9430	47.3328	60	17392016	16.6502	2492574	2.3863	1453187	1.3912	6426040	6.1520	76691226	73.4203	19.1684	16	1.6023
SRX4183145_SRR7279646_bwamem2	Illumina_shortreads	samtools_bam_qc_v3	S_lycopersicum_4.00	230568581	229438620	99.51	176856878	76.7047	37.7593	60	70034693	30.5244	10289137	4.4845	3983221	1.7361	14264932	6.2173	130866637	57.0378	36.9660	28	2.2407
SRX4183162_SRR7279629_bwamem2	Illumina_shortreads	samtools_bam_qc_v3	S_lycopersicum_4.00	138873205	138007848	99.38	130490106	93.9635	47.6202	60	23696297	17.1703	2259318	1.6371	1531485	1.1097	7540260	5.4636	102980488	74.6193	25.4592	21	1.0362
SRX4183171_SRR7279620_bwamem2	Illumina_shortreads	samtools_bam_qc_v3	S_lycopersicum_4.00	37053934	36671181	98.97	35282944	95.2205	47.0357	60	6748528	18.4028	532260	1.4514	384343	1.0481	1890468	5.1552	27115582	73.9425	6.9566	5	2.0909
SRX4183157_SRR7279634_bwamem2	Illumina_shortreads	samtools_bam_qc_v3	S_lycopersicum_4.00	160260292	159077325	99.26	151278148	94.3953	49.7088	60	21397118	13.4508	2751859	1.7299	1871531	1.1765	9410873	5.9159	123645944	77.7269	29.4716	26	0.8696
SRX4183164_SRR7279627_bwamem2	Illumina_shortreads	samtools_bam_qc_v3	S_lycopersicum_4.00	151414937	150557118	99.43	142130998	93.8685	48.0652	60	24658639	16.3783	2572930	1.7089	1681088	1.1166	8106869	5.3846	113537592	75.4116	27.8056	24	1.0501
SRX4183186_SRR7279605_bwamem2	Illumina_shortreads	samtools_bam_qc_v3	S_lycopersicum_4.00	77415875	76907341	99.34	73059818	94.3732	49.2103	60	11015813	14.3235	1327419	1.7260	887509	1.1540	4475007	5.8187	59201593	76.9778	14.2386	12	1.0099
SRX4183185_SRR7279606_bwamem2	Illumina_shortreads	samtools_bam_qc_v3	S_lycopersicum_4.00	98118193	97502678	99.37	89717950	91.4386	47.7213	60	16460086	16.8817	1608541	1.6497	1086614	1.1144	5754795	5.9022	72592642	74.4519	17.9831	15	1.1033
SRX4183183_SRR7279608_bwamem2	Illumina_shortreads	samtools_bam_qc_v3	S_lycopersicum_4.00	93118544	92554405	99.39	68651380	73.7247	38.6545	60	27991501	30.2433	3021490	3.2646	1422681	1.5371	5841325	6.3112	54277408	58.6438	14.5757	11	2.1956
SRX4183173_SRR7279618_bwamem2	Illumina_shortreads	samtools_bam_qc_v3	S_lycopersicum_4.00	63301023	62109057	98.12	59365904	93.7835	48.3319	60	9779556	15.7458	1163983	1.8741	730996	1.1770	3328867	5.3597	47105655	75.8435	11.7145	10	1.9166
SRX4183205_SRR7279586_bwamem2	Illumina_shortreads	samtools_bam_qc_v3	S_lycopersicum_4.00	36176278	35411960	97.89	33784782	93.3893	48.9168	60	5212779	14.7204	676790	1.9112	425061	1.2003	1901144	5.3686	27196186	76.7994	6.6795	6	2.7323
SRX4183166_SRR7279625_bwamem2	Illumina_shortreads	samtools_bam_qc_v3	S_lycopersicum_4.00	182410506	181151838	99.31	165328212	90.6352	46.6839	60	31199322	17.2227	5092216	2.8110	2803685	1.5477	11167688	6.1648	130888927	72.2537	33.0382	29	2.5226
SRX4183187_SRR7279604_bwamem2	Illumina_shortreads	samtools_bam_qc_v3	S_lycopersicum_4.00	104527511	103757666	99.26	96168186	92.0028	48.3164	60	16626616	16.0245	1646228	1.5866	1101082	1.0612	5939512	5.7244	78444228	75.6033	19.1416	16	0.8761
SRX4183190_SRR7279601_bwamem2	Illumina_shortreads	samtools_bam_qc_v3	S_lycopersicum_4.00	38371278	38126766	99.36	36195260	94.3290	50.8745	60	4410493	11.5680	637598	1.6723	434758	1.1403	2310401	6.0598	30333516	79.5596	7.0381	6	1.7644
SRX4183181_SRR7279610_bwamem2	Illumina_shortreads	samtools_bam_qc_v3	S_lycopersicum_4.00	109420689	108774367	99.41	103756772	94.8237	50.6508	60	13152541	12.0916	1719471	1.5808	1189087	1.0932	6326547	5.8162	86386721	79.4183	20.1702	18	0.8473
SRX4183182_SRR7279609_bwamem2	Illumina_shortreads	samtools_bam_qc_v3	S_lycopersicum_4.00	144243244	143340905	99.37	136844224	94.8705	47.3064	60	25716490	17.9408	2028594	1.4152	1460382	1.0188	7969526	5.5598	106165913	74.0653	26.4945	22	0.6579
SRX4183211_SRR7279580_bwamem2	Illumina_shortreads	samtools_bam_qc_v3	S_lycopersicum_4.00	59532656	58968375	99.05	51719240	86.8754	35.8500	60	20022832	33.9552	2344170	3.9753	1161818	1.9702	3667281	6.2191	31772274	53.8802	10.5516	7	6.3938
SRX4183188_SRR7279603_bwamem2	Illumina_shortreads	samtools_bam_qc_v3	S_lycopersicum_4.00	78725283	78232248	99.37	73938630	93.9198	48.6426	60	12153086	15.5346	1207554	1.5436	841085	1.0751	4376403	5.5941	59654120	76.2526	14.4938	12	1.6194
SRX4183206_SRR7279585_bwamem2	Illumina_shortreads	samtools_bam_qc_v3	S_lycopersicum_4.00	104406664	103884771	99.50	95318366	91.2953	45.5317	60	20836777	20.0576	2208107	2.1255	1305020	1.2562	5941882	5.7197	73592985	70.8410	18.8967	16	0.4684
SRX4183180_SRR7279611_bwamem2	Illumina_shortreads	samtools_bam_qc_v3	S_lycopersicum_4.00	160980002	160188388	99.51	132659926	82.4077	43.9874	60	33992792	21.2205	5195336	3.2433	2580882	1.6112	10264195	6.4076	108155183	67.5175	27.1978	24	2.3584
SRX4183193_SRR7279598_bwamem2	Illumina_shortreads	samtools_bam_qc_v3	S_lycopersicum_4.00	115709820	115126662	99.50	109848326	94.9343	51.1387	60	13382802	11.6244	1576335	1.3692	1177078	1.0224	6157005	5.3480	92833442	80.6359	21.4175	19	0.7465
SRX4183212_SRR7279579_bwamem2	Illumina_shortreads	samtools_bam_qc_v3	S_lycopersicum_4.00	95398850	94755953	99.33	87462412	91.6808	46.3768	60	18206827	19.2144	1544072	1.6295	1028464	1.0854	5377151	5.6747	68599439	72.3959	17.4068	14	1.1796
SRX4183221_SRR7279570_bwamem2	Illumina_shortreads	samtools_bam_qc_v3	S_lycopersicum_4.00	36485635	36257298	99.37	34236570	93.8358	48.9577	60	5403177	14.9023	588416	1.6229	399053	1.1006	2061448	5.6856	27805204	76.6886	6.6880	6	1.7945
SRX4183204_SRR7279587_bwamem2	Illumina_shortreads	samtools_bam_qc_v3	S_lycopersicum_4.00	126290421	122767732	97.21	103152602	81.6789	41.0770	60	33352842	27.1674	2971097	2.4201	1600321	1.3035	7075542	5.7634	77767930	63.3456	20.9807	17	1.1364
SRX4183177_SRR7279614_bwamem2	Illumina_shortreads	samtools_bam_qc_v3	S_lycopersicum_4.00	207315200	206027317	99.38	190742128	92.0059	47.7829	60	35054443	17.0145	3197770	1.5521	2124072	1.0310	11222791	5.4472	154428241	74.9552	37.9838	33	0.6287
SRX4183213_SRR7279578_bwamem2	Illumina_shortreads	samtools_bam_qc_v3	S_lycopersicum_4.00	95289241	94596030	99.27	86684844	90.9702	41.2986	60	26333841	27.8382	1461841	1.5454	1018908	1.0771	5034477	5.3221	60746963	64.2172	17.3779	12	1.1328
SRX4183216_SRR7279575_bwamem2	Illumina_shortreads	samtools_bam_qc_v3	S_lycopersicum_4.00	46837854	46563177	99.41	43632242	93.1559	47.8715	60	7790857	16.7318	733488	1.5753	508736	1.0926	2706263	5.8120	34823833	74.7884	8.6401	7	1.4638
SRX4183208_SRR7279583_bwamem2	Illumina_shortreads	samtools_bam_qc_v3	S_lycopersicum_4.00	134217725	132509667	98.73	119547154	89.0696	45.6166	60	23029114	17.3792	5317650	4.0130	2717442	2.0508	9614245	7.2555	91831216	69.3015	23.9185	21	3.5454
SRX4183218_SRR7279573_bwamem2	Illumina_shortreads	samtools_bam_qc_v3	S_lycopersicum_4.00	72891861	72470045	99.42	68803304	94.3909	48.3711	60	11581859	15.9816	1108764	1.5300	787590	1.0868	4093607	5.6487	54898225	75.7530	13.4178	11	0.8657
SRX4183217_SRR7279574_bwamem2	Illumina_shortreads	samtools_bam_qc_v3	S_lycopersicum_4.00	80888538	80320825	99.30	75946328	93.8901	49.4234	60	11178684	13.9175	1406192	1.7507	931132	1.1593	4862102	6.0534	61942715	77.1191	14.7043	13	1.0143
SRX4183223_SRR7279568_bwamem2	Illumina_shortreads	samtools_bam_qc_v3	S_lycopersicum_4.00	92482681	91966604	99.44	84498042	91.3663	49.2021	60	12502356	13.5945	2148702	2.3364	1266481	1.3771	5559113	6.0447	70489952	76.6473	16.8513	15	1.6823
SRX4183219_SRR7279572_bwamem2	Illumina_shortreads	samtools_bam_qc_v3	S_lycopersicum_4.00	95947575	95290440	99.32	88330780	92.0615	49.8796	60	12471613	13.0880	1687386	1.7708	1122154	1.1776	5843193	6.1320	74166094	77.8316	17.5705	15	1.1773
SRX4183222_SRR7279569_bwamem2	Illumina_shortreads	samtools_bam_qc_v3	S_lycopersicum_4.00	101471259	100854656	99.39	95876714	94.4866	50.3963	60	12569247	12.4627	1628778	1.6150	1130308	1.1207	5923516	5.8733	79602807	78.9282	18.6384	17	0.7929
SRX4183215_SRR7279576_bwamem2	Illumina_shortreads	samtools_bam_qc_v3	S_lycopersicum_4.00	110340295	109586535	99.32	104472278	94.6819	50.7973	60	12880309	11.7536	1792571	1.6358	1223464	1.1164	6598743	6.0215	87091448	79.4728	20.2728	18	0.8297
SRX4183232_SRR7279559_bwamem2	Illumina_shortreads	samtools_bam_qc_v3	S_lycopersicum_4.00	21127635	20897366	98.91	19964660	94.4955	48.7829	60	3202559	15.3252	326997	1.5648	230608	1.1035	1108193	5.3030	16029009	76.7035	3.9633	3	5.6788
SRX4183234_SRR7279557_bwamem2	Illumina_shortreads	samtools_bam_qc_v3	S_lycopersicum_4.00	24295256	23952705	98.59	22828106	93.9612	49.3895	60	3397682	14.1850	393302	1.6420	273597	1.1422	1303541	5.4421	18584583	77.5887	4.5414	4	4.5983
1.6052
SRX4183233_SRR7279558_bwamem2	Illumina_shortreads	samtools_bam_qc_v3	S_lycopersicum_4.00	35971519	35629051	99.05	34564518	96.0886	48.5630	60	5766533	16.1849	422944	1.1871	340941	0.9569	1792909	5.0322	27305724	76.6389	6.7669	6	2.0254
SRX4183230_SRR7279561_bwamem2	Illumina_shortreads	samtools_bam_qc_v3	S_lycopersicum_4.00	54374917	53988110	99.29	51626038	94.9446	50.9674	60	5970443	11.0588	1071824	1.9853	693884	1.2853	3148008	5.8309	43103951	79.8397	10.1982	9	2.0436
SRX4183235_SRR7279556_bwamem2	Illumina_shortreads	samtools_bam_qc_v3	S_lycopersicum_4.00	86410247	85825245	99.32	79682550	92.2142	42.7892	60	21714121	25.3004	1320440	1.5385	943602	1.0994	4725508	5.5060	57121574	66.5557	15.8630	12	1.3298
SRX4183243_SRR7279548_bwamem2	Illumina_shortreads	samtools_bam_qc_v3	S_lycopersicum_4.00	72974796	72507954	99.36	69253384	94.9004	50.5296	60	8996873	12.4081	1076105	1.4841	765740	1.0561	4263172	5.8796	57406064	79.1721	13.4207	12	0.9697
SRX4183255_SRR7279536_bwamem2	Illumina_shortreads	samtools_bam_qc_v3	S_lycopersicum_4.00	18013635	17708083	98.30	16971056	94.2123	51.6318	60	1893254	10.6915	250106	1.4124	186470	1.0530	975378	5.5081	14402875	81.3350	3.3605	3	6.8323
SRX4183259_SRR7279532_bwamem2	Illumina_shortreads	samtools_bam_qc_v3	S_lycopersicum_4.00	39073267	38586316	98.75	36942530	94.5468	47.5474	60	6462361	16.7478	775919	2.0109	504142	1.3065	2218452	5.7493	28625442	74.1855	7.2965	6	3.1939
SRX4183257_SRR7279534_bwamem2	Illumina_shortreads	samtools_bam_qc_v3	S_lycopersicum_4.00	23511198	23284853	99.04	22353714	95.0769	51.1238	60	2794377	12.0008	257102	1.1042	213195	0.9156	1190467	5.1126	18829712	80.8668	4.4249	4	3.3006
SRX4183256_SRR7279535_bwamem2	Illumina_shortreads	samtools_bam_qc_v3	S_lycopersicum_4.00	39381094	39003341	99.04	35338984	89.7359	42.8604	60	8682987	22.2622	1501882	3.8506	776596	1.9911	2604476	6.6776	25437400	65.2185	7.0880	6	5.4605
SRX4183261_SRR7279530_bwamem2	Illumina_shortreads	samtools_bam_qc_v3	S_lycopersicum_4.00	33649235	33291124	98.94	31975466	95.0258	48.5617	60	5297743	15.9134	457898	1.3754	346427	1.0406	1740662	5.2286	25448394	76.4420	6.3136	5	2.0985
SRX4183303_SRR7279488_bwamem2	Illumina_shortreads	samtools_bam_qc_v3	S_lycopersicum_4.00	18027685	17862217	99.08	16953038	94.0389	48.1056	60	2877768	16.1109	331920	1.8582	218356	1.2224	958309	5.3650	13475864	75.4434	3.3822	3	8.3922
SRX4183293_SRR7279498_bwamem2	Illumina_shortreads	samtools_bam_qc_v3	S_lycopersicum_4.00	37358538	37146779	99.43	35121864	94.0130	50.2050	60	4832267	13.0086	560757	1.5096	394883	1.0630	2001534	5.3882	29357338	79.0306	6.8988	6	1.7801
SRX4183224_SRR7279567_bwamem2	Illumina_shortreads	samtools_bam_qc_v3	S_lycopersicum_4.00	255231091	253060459	99.15	230985256	90.5004	47.6919	60	39133437	15.4641	7186456	2.8398	3948245	1.5602	16125155	6.3721	186667166	73.7639	46.2425	41	2.3960
SRX4183240_SRR7279551_bwamem2	Illumina_shortreads	samtools_bam_qc_v3	S_lycopersicum_4.00	115542941	114533779	99.13	105650970	91.4387	39.7175	60	33259570	29.0391	3095689	2.7029	1725349	1.5064	6684091	5.8359	69769080	60.9157	20.9696	15	2.6026
SRX4183252_SRR7279539_bwamem2	Illumina_shortreads	samtools_bam_qc_v3	S_lycopersicum_4.00	77782881	77332556	99.42	70531236	90.6771	48.1952	60	12479085	16.1369	1302326	1.6841	844590	1.0922	4315177	5.5800	58391378	75.5069	14.2139	12	1.1584
SRX4183291_SRR7279500_bwamem2	Illumina_shortreads	samtools_bam_qc_v3	S_lycopersicum_4.00	58136620	57646504	99.16	53331468	91.7347	46.3571	60	10085995	17.4963	1715753	2.9763	931932	1.6166	3715272	6.4449	41197552	71.4658	10.6124	9	3.8116
SRX4183250_SRR7279541_bwamem2	Illumina_shortreads	samtools_bam_qc_v3	S_lycopersicum_4.00	84781765	84184266	99.30	77304880	91.1810	45.2715	60	16661149	19.7913	2223482	2.6412	1280294	1.5208	5018978	5.9619	59000363	70.0848	15.4583	13	3.1192
SRX4183281_SRR7279510_bwamem2	Illumina_shortreads	samtools_bam_qc_v3	S_lycopersicum_4.00	70169262	69692357	99.32	65133082	92.8228	48.2453	60	10519611	15.0944	1681388	2.4126	993097	1.4250	4195284	6.0197	52302977	75.0484	12.8555	11	2.6872
SRX4183236_SRR7279555_bwamem2	Illumina_shortreads	samtools_bam_qc_v3	S_lycopersicum_4.00	182093896	180499876	99.12	168923500	92.7673	48.0302	60	27204095	15.0715	4881748	2.7046	2724950	1.5097	11459275	6.3486	134229808	74.3656	33.1499	29	2.3153
SRX4183272_SRR7279519_bwamem2	Illumina_shortreads	samtools_bam_qc_v3	S_lycopersicum_4.00	74615852	74171647	99.40	70169838	94.0415	47.5369	60	13050763	17.5954	1061522	1.4312	758309	1.0224	3859316	5.2032	55441737	74.7479	13.7790	11	1.0476
SRX4183268_SRR7279523_bwamem2	Illumina_shortreads	samtools_bam_qc_v3	S_lycopersicum_4.00	91195333	90653700	99.41	85743232	94.0215	47.2171	60	16396820	18.0873	1312033	1.4473	922977	1.0181	4825011	5.3225	67196859	74.1248	16.8522	14	0.9515
SRX4183274_SRR7279517_bwamem2	Illumina_shortreads	samtools_bam_qc_v3	S_lycopersicum_4.00	76270473	75798527	99.38	71638260	93.9266	49.0119	60	11385843	15.0212	1127141	1.4870	795072	1.0489	4084765	5.3890	58405706	77.0539	14.0853	12	0.9530
SRX698733_SRR1572591_bwamem2	Illumina_shortreads	samtools_bam_qc_v3	S_lycopersicum_4.00	64424779	63198650	98.10	56259334	87.3256	49.2481	60	8766379	13.8711	947813	1.4997	921549	1.4582	4753632	7.5217	47809277	75.6492	7.9919	6	7.0153
SRX698517_SRR1572375_bwamem2	Illumina_shortreads	samtools_bam_qc_v3	S_lycopersicum_4.00	73472429	73119466	99.52	71200302	96.9075	49.6749	60	9247180	12.6467	1401777	1.9171	1157384	1.5829	5679509	7.7674	55633616	76.0859	9.2419	8	2.4898
SRX4183300_SRR7279491_bwamem2	Illumina_shortreads	samtools_bam_qc_v3	S_lycopersicum_4.00	78204728	77894732	99.60	63188586	80.7989	40.4154	60	22240256	28.5517	1633473	2.0970	1030960	1.3235	4553866	5.8462	48436177	62.1816	12.9672	10	2.0843
SRX4183253_SRR7279538_bwamem2	Illumina_shortreads	samtools_bam_qc_v3	S_lycopersicum_4.00	123409853	122349422	99.14	112562756	91.2105	48.9992	60	17525748	14.3243	2378948	1.9444	1520055	1.2424	7735306	6.3223	93189365	76.1666	22.2028	20	1.1753
SRX4183284_SRR7279507_bwamem2	Illumina_shortreads	samtools_bam_qc_v3	S_lycopersicum_4.00	52281363	51748163	98.98	36410338	69.6431	33.1729	49	19070003	36.8516	2789283	5.3901	1207071	2.3326	3532055	6.8255	25149751	48.6003	7.8618	5	8.2499
SRX4183244_SRR7279547_bwamem2	Illumina_shortreads	samtools_bam_qc_v3	S_lycopersicum_4.00	147051139	145629328	99.03	139193646	94.6566	50.8261	60	17356498	11.9183	2134247	1.4655	1542330	1.0591	8624741	5.9224	115971512	79.6347	26.9485	24	0.7814
SRX4183302_SRR7279489_bwamem2	Illumina_shortreads	samtools_bam_qc_v3	S_lycopersicum_4.00	85406673	84810220	99.30	79611216	93.2143	47.6333	60	13769487	16.2356	1967188	2.3195	1188673	1.4016	5032909	5.9343	62851963	74.1089	15.6073	13	1.9146
SRX4183279_SRR7279512_bwamem2	Illumina_shortreads	samtools_bam_qc_v3	S_lycopersicum_4.00	120395576	119188530	99.00	109118060	90.6329	47.7196	60	18431846	15.4644	3272459	2.7456	1835571	1.5401	7951226	6.6711	87697428	73.5787	21.7595	19	2.2499
SRX4183278_SRR7279513_bwamem2	Illumina_shortreads	samtools_bam_qc_v3	S_lycopersicum_4.00	108768107	107493085	98.83	99099978	91.1112	47.5758	60	16492129	15.3425	3296464	3.0667	1747502	1.6257	7328644	6.8178	78628346	73.1474	19.5929	17	2.8625
SRX4183280_SRR7279511_bwamem2	Illumina_shortreads	samtools_bam_qc_v3	S_lycopersicum_4.00	124525057	123742010	99.37	101166428	81.2418	41.1380	60	32139427	25.9729	3925093	3.1720	2128907	1.7204	7994929	6.4610	77553654	62.6737	20.6611	17	1.5004
SRX4183297_SRR7279494_bwamem2	Illumina_shortreads	samtools_bam_qc_v3	S_lycopersicum_4.00	56516502	56268698	99.56	53635492	94.9024	43.8405	60	13580153	24.1345	635727	1.1298	525167	0.9333	2802603	4.9807	38725048	68.8217	10.5149	8	0.8386
0
SRX4183277_SRR7279514_bwamem2	Illumina_shortreads	samtools_bam_qc_v3	S_lycopersicum_4.00	131954215	130650461	99.01	122214458	92.6188	49.3135	60	17892830	13.6952	2762146	2.1141	1645044	1.2591	7941841	6.0787	100408600	76.8528	23.7927	21	1.4809
SRX4183296_SRR7279495_bwamem2	Illumina_shortreads	samtools_bam_qc_v3	S_lycopersicum_4.00	71332577	70954416	99.47	67669210	94.8644	50.5955	60	8799446	12.4015	1026197	1.4463	745956	1.0513	3874915	5.4611	56507902	79.6397	13.2460	12	1.0594
SRX4183299_SRR7279492_bwamem2	Illumina_shortreads	samtools_bam_qc_v3	S_lycopersicum_4.00	101672039	101110784	99.45	94802114	93.2431	48.6127	60	15523318	15.3528	1715746	1.6969	1187498	1.1745	5792029	5.7284	76892193	76.0475	18.6478	16	1.1516
83265_SRR7279526_bwamem2	Illumina_shortreads	samtools_bam_qc_v3	S_lycopersicum_4.00	63174756	62774927	99.37	59291214	93.8527	48.7839	60	9278651	14.7808	1193562	1.9013	768181	1.2237	3745352	5.9663	47789181	76.1278	11.6535	10	2.2881
SRX4183295_SRR7279496_bwamem2	Illumina_shortreads	samtools_bam_qc_v3	S_lycopersicum_4.00	80877672	80446500	99.47	76241742	94.2680	50.3125	60	10299039	12.8023	1193730	1.4839	874033	1.0865	4447580	5.5286	63632118	79.0987	14.9842	13	0.9728
.3093
SRX4183266_SRR7279525_bwamem2	Illumina_shortreads	samtools_bam_qc_v3	S_lycopersicum_4.00	80249310	79791888	99.43	75396720	93.9531	50.1118	60	10464247	13.1144	1205474	1.5108	860698	1.0787	4416566	5.5351	62844903	78.7610	14.7972	13	0.8014
SRX698500_SRR1572358_bwamem2	Illumina_shortreads	samtools_bam_qc_v3	S_lycopersicum_4.00	63500361	63039044	99.27	59265570	93.3311	41.2968	60	15476585	24.5508	1915252	3.0382	1365005	2.1653	6579063	10.4365	37703139	59.8092	7.9882	5	19.4859
SRX4183267_SRR7279524_bwamem2	Illumina_shortreads	samtools_bam_qc_v3	S_lycopersicum_4.00	81713341	81259370	99.44	77230666	94.5141	50.4715	60	10223535	12.5814	1201582	1.4787	858610	1.0566	4424718	5.4452	64550925	79.4381	15.1320	13	1.0102
SRX4183283_SRR7279508_bwamem2	Illumina_shortreads	samtools_bam_qc_v3	S_lycopersicum_4.00	83447895	83004981	99.47	74597756	89.3944	43.4775	60	19305566	23.2583	1877053	2.2614	1135512	1.3680	4862924	5.8586	55823926	67.2537	14.7867	12	1.7839
SRX4183305_SRR7279486_bwamem2	Illumina_shortreads	samtools_bam_qc_v3	S_lycopersicum_4.00	93117250	92566033	99.41	87484740	93.9512	50.5615	60	11093569	11.9845	1671366	1.8056	1119146	1.2090	5300897	5.7266	73381055	79.2743	17.2116	15	1.3526
SRX4183308_SRR7279483_bwamem2	Illumina_shortreads	samtools_bam_qc_v3	S_lycopersicum_4.00	101022510	100318784	99.30	88703848	87.8060	43.7867	60	21679464	21.6106	3057639	3.0479	1772101	1.7665	6614758	6.5937	67194822	66.9813	17.8598	15	2.8560
SRX4183285_SRR7279506_bwamem2	Illumina_shortreads	samtools_bam_qc_v3	S_lycopersicum_4.00	155999841	154144115	98.81	128608778	82.4416	38.3721	60	44367884	28.7834	7235978	4.6943	3413422	2.2144	10895970	7.0687	88230861	57.2392	26.2713	20	3.6076
SRX4183286_SRR7279505_bwamem2	Illumina_shortreads	samtools_bam_qc_v3	S_lycopersicum_4.00	189779195	187318068	98.70	165119674	87.0062	41.7939	60	43120320	23.0198	8799421	4.6976	4116354	2.1975	13783133	7.3581	117498840	62.7269	33.5529	27	4.1714
SRX4183306_SRR7279485_bwamem2	Illumina_shortreads	samtools_bam_qc_v3	S_lycopersicum_4.00	136363191	135526828	99.39	127547096	93.5348	47.0286	60	24075627	17.7645	2660866	1.9634	1669186	1.2316	7548741	5.5699	99572408	73.4706	24.9518	21	1.2916
