sample	data_type	qc_pipeline	reference	total_reads	mapped_reads	mapped_pct	supplementary_reads	supplementary_pct	mean_mapq	median_mapq	mq0	mq0_pct	mq1_19	mq1_19_pct	mq20_29	mq20_29_pct	mq30_59	mq30_59_pct	mq60	mq60_pct	coverage_mean	coverage_median	pct_zero_coverage
SRX25322143_SRR29823272_150bp_filtered_bwamem2	ONT_fragmented_longreads	samtools_bam_qc_v3	S_lycopersicum_4.00	162414729	161614257	99.51	226879	0.1404	48.1398	60	20836613	12.8928	6023014	3.7268	4553188	2.8173	10836019	6.7049	119365423	73.8582	30.8618	27	0.3980
SRX6610777_SRR9856933_150bp_filtered_bwamem2	ONT_fragmented_longreads	samtools_bam_qc_v3	S_lycopersicum_4.00	183982118	116395688	63.26	1828099	1.5706	34.9125	39	21774846	18.7076	14023424	12.0481	11846492	10.1778	31170678	26.7799	37580248	32.2866	15.9817	15	3.2951
SRX6934190_SRR10214512_150bp_filtered_bwamem2	ONT_fragmented_longreads	samtools_bam_qc_v3	S_lycopersicum_4.00	228793321	172061805	75.20	2665295	1.5490	32.7506	35	40643350	23.6214	19475827	11.3191	16539059	9.6123	43680420	25.3865	51723149	30.0608	23.5564	19	2.1586
SRX6942209_SRR10222608_150bp_filtered_bwamem2	ONT_fragmented_longreads	samtools_bam_qc_v3	S_lycopersicum_4.00	265115315	185277544	69.89	3461594	1.8683	28.7225	28	56921167	30.7221	22233595	12.0002	16622797	8.9718	42114474	22.7305	47385511	25.5754	24.5341	19	2.8741
SRX6934191_SRR10214511_150bp_filtered_bwamem2	ONT_fragmented_longreads	samtools_bam_qc_v3	S_lycopersicum_4.00	268994432	213152993	79.24	2988141	1.4019	31.6372	34	59795411	28.0528	21805617	10.2300	17444359	8.1840	47629356	22.3451	66478250	31.1880	30.2041	23	1.6541
SRX10558138_SRR14191280_150bp_filtered_bwamem2	ONT_fragmented_longreads	samtools_bam_qc_v3	S_lycopersicum_4.00	282990039	200050576	70.69	659098	0.3295	35.2421	39	36223922	18.1074	23482016	11.7380	20281346	10.1381	57099238	28.5424	62964054	31.4741	31.5524	28	0.0299
SRX6960104_SRR10241444_150bp_filtered_bwamem2	ONT_fragmented_longreads	samtools_bam_qc_v3	S_lycopersicum_4.00	266962852	224673668	84.16	3585259	1.5958	23.2088	8	103198424	45.9326	20508309	9.1280	13418638	5.9725	35490163	15.7963	52058134	23.1706	32.9529	19	3.4612
SRX6928074_SRR10208148_150bp_filtered_bwamem2	ONT_fragmented_longreads	samtools_bam_qc_v3	S_lycopersicum_4.00	299171732	250836230	83.84	3627071	1.4460	29.9143	30	82164653	32.7563	24102961	9.6090	17887149	7.1310	49408019	19.6973	77273448	30.8063	36.7658	27	1.0747
SRX6919144_SRR10199004_150bp_filtered_bwamem2	ONT_fragmented_longreads	samtools_bam_qc_v3	S_lycopersicum_4.00	308325879	253425520	82.19	3276323	1.2928	31.3552	34	76380768	30.1393	24196063	9.5476	18497630	7.2990	51775384	20.4302	82575675	32.5838	37.4929	28	1.0883
SRX7000501_SRR10287515_150bp_filtered_bwamem2	ONT_fragmented_longreads	samtools_bam_qc_v3	S_lycopersicum_4.00	253737938	206237576	81.28	3678165	1.7835	31.3915	34	60665497	29.4153	21189707	10.2744	15168345	7.3548	41865352	20.2996	67348675	32.6559	29.3044	23	2.9821
SRX6949683_SRR10230184_150bp_filtered_bwamem2	ONT_fragmented_longreads	samtools_bam_qc_v3	S_lycopersicum_4.00	322706160	266827212	82.68	4801611	1.7995	27.6308	24	97553419	36.5605	27634419	10.3567	17820995	6.6789	47936108	17.9652	75882271	28.4387	38.7315	28	3.2356
SRX7437647_SRR10763454_150bp_filtered_bwamem2	ONT_fragmented_longreads	samtools_bam_qc_v3	S_lycopersicum_4.00	243183711	196872311	80.96	3187647	1.6191	33.8201	39	47305446	24.0285	21425490	10.8829	15710551	7.9801	43623954	22.1585	68806870	34.9500	28.6132	25	2.9037
SRX7000502_SRR10287514_150bp_filtered_bwamem2	ONT_fragmented_longreads	samtools_bam_qc_v3	S_lycopersicum_4.00	304150650	245891192	80.85	3992250	1.6236	23.4052	12	109491512	44.5284	23819902	9.6872	15919109	6.4740	41609287	16.9218	55051382	22.3885	35.2320	21	3.5409
SRX7437648_SRR10763453_150bp_filtered_bwamem2	ONT_fragmented_longreads	samtools_bam_qc_v3	S_lycopersicum_4.00	243723251	193409824	79.36	2822444	1.4593	31.3765	33	54797087	28.3321	20346571	10.5199	15662411	8.0980	42830563	22.1450	59773192	30.9049	27.9225	22	2.2062
SRX7732005_SRR11093196_150bp_filtered_bwamem2	ONT_fragmented_longreads	samtools_bam_qc_v3	S_lycopersicum_4.00	209761303	164255966	78.31	2200205	1.3395	27.8341	25	60174623	36.6347	15527851	9.4534	11444252	6.9673	30958129	18.8475	46151111	28.0971	23.6599	15	4.4228
SRX7750520_SRR11113513_150bp_filtered_bwamem2	ONT_fragmented_longreads	samtools_bam_qc_v3	S_lycopersicum_4.00	96389629	86091477	89.32	996340	1.1573	34.7445	48	25465823	29.5800	6458698	7.5021	4069928	4.7274	11456036	13.3068	38640992	44.8836	14.0924	10	0.6610
SRX6960107_SRR10241441_150bp_filtered_bwamem2	ONT_fragmented_longreads	samtools_bam_qc_v3	S_lycopersicum_4.00	348368924	286538220	82.25	5223018	1.8228	28.8386	28	95982121	33.4971	30094152	10.5027	21311680	7.4376	56942809	19.8727	82207458	28.6899	40.6737	31	2.5622
SRX7437650_SRR10763451_150bp_filtered_bwamem2	ONT_fragmented_longreads	samtools_bam_qc_v3	S_lycopersicum_4.00	334076888	268772836	80.45	3932106	1.4630	31.1710	33	78284831	29.1268	27450448	10.2133	21343617	7.9411	58544970	21.7823	83148970	30.9365	38.7312	30	1.9008
SRX6919145_SRR10199003_150bp_filtered_bwamem2	ONT_fragmented_longreads	samtools_bam_qc_v3	S_lycopersicum_4.00	459317895	367181328	79.94	4876029	1.3280	29.1946	29	121091046	32.9785	36560160	9.9570	28301688	7.7078	76881968	20.9384	104346466	28.4182	53.2115	38	0.9698
SRX7806918_SRR11186629_150bp_filtered_bwamem2	ONT_fragmented_longreads	samtools_bam_qc_v3	S_lycopersicum_4.00	104682365	94062463	89.86	1047408	1.1135	30.2227	31	36207779	38.4933	6488338	6.8979	3826937	4.0685	10659770	11.3327	36879639	39.2076	15.4647	10	1.3884
SRX7053422_SRR10343552_150bp_filtered_bwamem2	ONT_fragmented_longreads	samtools_bam_qc_v3	S_lycopersicum_4.00	356599624	303408628	85.08	4906153	1.6170	30.8532	33	98949368	32.6126	27781333	9.1564	19230676	6.3382	52892699	17.4328	104554552	34.4600	44.9956	34	1.1654
SRX6942211_SRR10222606_150bp_filtered_bwamem2	ONT_fragmented_longreads	samtools_bam_qc_v3	S_lycopersicum_4.00	438528054	360071077	82.11	6298174	1.7491	28.4549	27	124525977	34.5837	37761575	10.4873	25458755	7.0705	68459564	19.0128	103865206	28.8458	51.8106	39	1.1577
SRX6917688_SRR10197546_150bp_filtered_bwamem2	ONT_fragmented_longreads	samtools_bam_qc_v3	S_lycopersicum_4.00	498880353	419463178	84.08	5850022	1.3946	32.5114	37	124121811	29.5906	38053387	9.0719	27766165	6.6195	76017970	18.1227	153503845	36.5953	63.1372	49	0.3259
SRX6942210_SRR10222607_150bp_filtered_bwamem2	ONT_fragmented_longreads	samtools_bam_qc_v3	S_lycopersicum_4.00	496527554	374968439	75.52	7094107	1.8919	29.5362	29	114646442	30.5750	42851543	11.4280	30883497	8.2363	81540254	21.7459	105046703	28.0148	51.4375	41	2.2506
SRX7024217_SRR10313085_150bp_filtered_bwamem2	ONT_fragmented_longreads	samtools_bam_qc_v3	S_lycopersicum_4.00	398954512	308620768	77.36	5427677	1.7587	27.4692	25	106543131	34.5223	34564903	11.1998	24847413	8.0511	64474995	20.8913	78190326	25.3354	42.3522	31	3.4211
SRX6949686_SRR10230181_150bp_filtered_bwamem2	ONT_fragmented_longreads	samtools_bam_qc_v3	S_lycopersicum_4.00	496622838	397254429	79.99	7835138	1.9723	32.5847	36	102570329	25.8198	45713044	11.5072	31173656	7.8473	84392545	21.2440	133404855	33.5817	56.0285	50	1.8637
SRX6949681_SRR10230186_150bp_filtered_bwamem2	ONT_fragmented_longreads	samtools_bam_qc_v3	S_lycopersicum_4.00	471750401	399955135	84.78	6282706	1.5709	26.8717	22	155165826	38.7958	38136572	9.5352	25784480	6.4468	70139949	17.5370	110728308	27.6852	58.9126	41	2.3683
SRX7732013_SRR11093188_150bp_filtered_bwamem2	ONT_fragmented_longreads	samtools_bam_qc_v3	S_lycopersicum_4.00	233711009	185693223	79.45	2485575	1.3385	28.6615	27	63800982	34.3583	17801490	9.5865	14084581	7.5849	38095952	20.5155	51910218	27.9548	26.5395	18	2.5247
SRX7806912_SRR11186635_150bp_filtered_bwamem2	ONT_fragmented_longreads	samtools_bam_qc_v3	S_lycopersicum_4.00	178338246	161647035	90.64	2232863	1.3813	30.6960	33	59220924	36.6359	12602684	7.7964	6908169	4.2736	19292645	11.9350	63622613	39.3590	26.2615	18	2.7456
SRX7732018_SRR11093183_150bp_filtered_bwamem2	ONT_fragmented_longreads	samtools_bam_qc_v3	S_lycopersicum_4.00	259918029	202024481	77.73	2782887	1.3775	31.5766	34	57430346	28.4274	20436083	10.1156	16227557	8.0325	44499453	22.0268	63431042	31.3977	29.0401	22	1.9503
SRX7732004_SRR11093197_150bp_filtered_bwamem2	ONT_fragmented_longreads	samtools_bam_qc_v3	S_lycopersicum_4.00	364401452	297129943	81.54	4326392	1.4561	33.2099	37	75059029	25.2613	30396890	10.2302	24618694	8.2855	67885694	22.8471	99169636	33.3758	42.6596	35	1.1487
SRX6949684_SRR10230183_150bp_filtered_bwamem2	ONT_fragmented_longreads	samtools_bam_qc_v3	S_lycopersicum_4.00	522430047	451007620	86.33	8246654	1.8285	32.7347	38	134179081	29.7510	43992808	9.7543	25704666	5.6994	70843539	15.7078	176287526	39.0875	69.2135	58	1.5589
SRX6960108_SRR10241440_150bp_filtered_bwamem2	ONT_fragmented_longreads	samtools_bam_qc_v3	S_lycopersicum_4.00	469671966	408630985	87.00	6991598	1.7110	33.6975	40	110683323	27.0864	40233342	9.8459	26304040	6.4371	73393152	17.9607	158017128	38.6699	61.9033	53	1.9674
SRX7732016_SRR11093185_150bp_filtered_bwamem2	ONT_fragmented_longreads	samtools_bam_qc_v3	S_lycopersicum_4.00	281562301	202246474	71.83	3838414	1.8979	29.4697	29	55625160	27.5036	24779824	12.2523	21475393	10.6184	52166814	25.7937	48199283	23.8320	26.4041	21	2.4744
SRX6949685_SRR10230182_150bp_filtered_bwamem2	ONT_fragmented_longreads	samtools_bam_qc_v3	S_lycopersicum_4.00	524396654	432675617	82.51	7744517	1.7899	30.2564	31	134395093	31.0614	46115974	10.6583	31756661	7.3396	86214924	19.9260	134192965	31.0147	62.1003	50	0.9994
SRX7024213_SRR10313089_150bp_filtered_bwamem2	ONT_fragmented_longreads	samtools_bam_qc_v3	S_lycopersicum_4.00	431869320	365215622	84.57	6154385	1.6851	27.7498	25	133210705	36.4745	36677392	10.0427	24813136	6.7941	67025962	18.3524	103488427	28.3363	53.2330	38	2.2272
SRX7732007_SRR11093194_150bp_filtered_bwamem2	ONT_fragmented_longreads	samtools_bam_qc_v3	S_lycopersicum_4.00	388854676	312518389	80.37	4111226	1.3155	29.8730	30	100140357	32.0430	30610674	9.7948	23880815	7.6414	65350166	20.9108	92536377	29.6099	45.2621	33	1.1918
SRX7437645_SRR10763456_150bp_filtered_bwamem2	ONT_fragmented_longreads	samtools_bam_qc_v3	S_lycopersicum_4.00	455013496	338233134	74.33	5323459	1.5739	31.3357	33	91206099	26.9655	38020102	11.2408	29910105	8.8430	79520946	23.5107	99575882	29.4400	46.9532	38	2.5051
SRX7750523_SRR11113510_150bp_filtered_bwamem2	ONT_fragmented_longreads	samtools_bam_qc_v3	S_lycopersicum_4.00	260404547	221104541	84.91	3808739	1.7226	36.6271	45	43399490	19.6285	22769982	10.2983	18033609	8.1561	50470746	22.8266	86430714	39.0904	32.0520	30	1.6343
SRX7735877_SRR11097111_150bp_filtered_bwamem2	ONT_fragmented_longreads	samtools_bam_qc_v3	S_lycopersicum_4.00	276338620	233889385	84.64	3543072	1.5148	28.6100	27	83598068	35.7426	21984348	9.3995	15555297	6.6507	42653147	18.2365	70098525	29.9708	34.4943	24	0.9990
SRX7713272_SRR11073828_150bp_filtered_bwamem2	ONT_fragmented_longreads	samtools_bam_qc_v3	S_lycopersicum_4.00	407614407	326349967	80.06	4589664	1.4064	31.1907	33	93359381	28.6071	33726345	10.3344	26955585	8.2597	73623552	22.5597	98685104	30.2390	46.8552	37	1.1101
SRX7713268_SRR11073832_150bp_filtered_bwamem2	ONT_fragmented_longreads	samtools_bam_qc_v3	S_lycopersicum_4.00	385777916	293565619	76.10	4459221	1.5190	30.9892	32	79789582	27.1795	32565880	11.0932	27251984	9.2831	71720936	24.4310	82237237	28.0132	40.6665	33	1.3181
SRX7713271_SRR11073829_150bp_filtered_bwamem2	ONT_fragmented_longreads	samtools_bam_qc_v3	S_lycopersicum_4.00	415202116	342384857	82.46	4718539	1.3781	32.5640	36	92279990	26.9521	34567710	10.0962	26898231	7.8561	74994366	21.9035	113644560	33.1921	50.2990	41	0.9560
SRX7053417_SRR10343557_150bp_filtered_bwamem2	ONT_fragmented_longreads	samtools_bam_qc_v3	S_lycopersicum_4.00	512710866	410449286	80.05	6632960	1.6160	31.0067	33	120917177	29.4597	42023145	10.2383	32486069	7.9148	88255870	21.5023	126767025	30.8849	57.9205	47	1.3234
SRX6949687_SRR10230180_150bp_filtered_bwamem2	ONT_fragmented_longreads	samtools_bam_qc_v3	S_lycopersicum_4.00	568931046	475188702	83.52	8542289	1.7977	27.2564	23	175726659	36.9804	49527732	10.4228	32374231	6.8129	86501290	18.2036	131058790	27.5804	68.5197	50	2.4181
SRX6949680_SRR10230187_150bp_filtered_bwamem2	ONT_fragmented_longreads	samtools_bam_qc_v3	S_lycopersicum_4.00	586953790	485934895	82.79	8083125	1.6634	28.4016	26	170818880	35.1526	49297720	10.1449	33640563	6.9229	90657672	18.6563	141520060	29.1233	70.3621	52	1.3126
SRX7713266_SRR11073834_150bp_filtered_bwamem2	ONT_fragmented_longreads	samtools_bam_qc_v3	S_lycopersicum_4.00	413559833	320265050	77.44	4792624	1.4965	32.9313	36	75502116	23.5749	35976262	11.2333	30204275	9.4310	80529322	25.1446	98053075	30.6162	44.8064	38	1.0938
SRX6960109_SRR10241439_150bp_filtered_bwamem2	ONT_fragmented_longreads	samtools_bam_qc_v3	S_lycopersicum_4.00	552849041	439961546	79.58	7842963	1.7826	29.2181	28	141235012	32.1017	47577838	10.8141	34520673	7.8463	91776298	20.8601	124851725	28.3779	61.6008	49	2.3190
SRX7732014_SRR11093187_150bp_filtered_bwamem2	ONT_fragmented_longreads	samtools_bam_qc_v3	S_lycopersicum_4.00	379463646	295121096	77.77	4208739	1.4261	33.3241	37	74135884	25.1205	30221928	10.2405	24321756	8.2413	67054014	22.7208	99387514	33.6769	42.4287	34	1.2733
SRX7732006_SRR11093195_150bp_filtered_bwamem2	ONT_fragmented_longreads	samtools_bam_qc_v3	S_lycopersicum_4.00	448298021	349399843	77.94	4955661	1.4183	28.1028	27	118468466	33.9063	36121789	10.3382	28889916	8.2684	75942926	21.7352	89976746	25.7518	49.0654	35	1.2456
SRX7732009_SRR11093192_150bp_filtered_bwamem2	ONT_fragmented_longreads	samtools_bam_qc_v3	S_lycopersicum_4.00	360752686	282271137	78.25	4223171	1.4961	31.0273	32	78942018	27.9667	30311055	10.7383	24808816	8.7890	66273814	23.4788	81935434	29.0272	39.6536	31	1.1970
SRX7000504_SRR10287512_150bp_filtered_bwamem2	ONT_fragmented_longreads	samtools_bam_qc_v3	S_lycopersicum_4.00	571090905	467937829	81.94	8365965	1.7878	31.3175	33	132038872	28.2172	51222558	10.9464	37299215	7.9710	101699507	21.7336	145677677	31.1318	66.0266	56	1.7005
SRX7732020_SRR11093181_150bp_filtered_bwamem2	ONT_fragmented_longreads	samtools_bam_qc_v3	S_lycopersicum_4.00	376186475	295804672	78.63	4092098	1.3834	32.1709	35	81222466	27.4581	30048110	10.1581	23576837	7.9704	64989848	21.9705	95967411	32.4428	42.8819	34	1.3701
SRX7713269_SRR11073831_150bp_filtered_bwamem2	ONT_fragmented_longreads	samtools_bam_qc_v3	S_lycopersicum_4.00	462238057	378755283	81.94	5152031	1.3603	30.7010	32	116417048	30.7367	37194910	9.8203	28543684	7.5362	78911403	20.8344	117688238	31.0724	55.5253	42	0.7954
SRX7735879_SRR11097109_150bp_filtered_bwamem2	ONT_fragmented_longreads	samtools_bam_qc_v3	S_lycopersicum_4.00	369510710	294265431	79.64	4554452	1.5477	25.2886	18	120385489	40.9105	29534497	10.0367	19312993	6.5631	51418751	17.4736	73613701	25.0161	42.8709	26	3.0902
SRX7713270_SRR11073830_150bp_filtered_bwamem2	ONT_fragmented_longreads	samtools_bam_qc_v3	S_lycopersicum_4.00	498452657	406185637	81.49	5680342	1.3985	33.6271	38	99380481	24.4668	42054524	10.3535	33515402	8.2513	93229440	22.9524	138005790	33.9760	58.8813	50	0.6431
SRX7814380_SRR11194343_150bp_filtered_bwamem2	ONT_fragmented_longreads	samtools_bam_qc_v3	S_lycopersicum_4.00	344680810	292325883	84.81	4696188	1.6065	28.2138	26	108105279	36.9811	26816599	9.1735	18564124	6.3505	50732378	17.3547	88107503	30.1402	43.0477	30	2.2823
SRX7732015_SRR11093186_150bp_filtered_bwamem2	ONT_fragmented_longreads	samtools_bam_qc_v3	S_lycopersicum_4.00	407694293	328193762	80.50	4363636	1.3296	29.2498	29	109952478	33.5023	31289217	9.5338	24629775	7.5046	67089984	20.4422	95232308	29.0171	47.1619	33	1.1927
SRX7732019_SRR11093182_150bp_filtered_bwamem2	ONT_fragmented_longreads	samtools_bam_qc_v3	S_lycopersicum_4.00	445427828	361672669	81.20	4694689	1.2980	30.8362	32	113064468	31.2615	33842881	9.3573	26156117	7.2320	72982553	20.1792	115626650	31.9700	53.3097	38	1.2996
SRX7024214_SRR10313088_150bp_filtered_bwamem2	ONT_fragmented_longreads	samtools_bam_qc_v3	S_lycopersicum_4.00	616623261	505419499	81.97	9342152	1.8484	29.7525	30	158660519	31.3918	55822337	11.0448	38016673	7.5218	101712530	20.1244	151207440	29.9172	71.8712	59	2.2269
SRX7732017_SRR11093184_150bp_filtered_bwamem2	ONT_fragmented_longreads	samtools_bam_qc_v3	S_lycopersicum_4.00	503390523	357318669	70.98	6827987	1.9109	31.5256	32	82805627	23.1742	44777154	12.5314	39688270	11.1072	97673853	27.3352	92373765	25.8519	46.2685	40	1.2698
SRX7024215_SRR10313087_150bp_filtered_bwamem2	ONT_fragmented_longreads	samtools_bam_qc_v3	S_lycopersicum_4.00	678600805	567434773	83.62	9756606	1.7194	32.1161	35	156448502	27.5712	60296113	10.6261	43379072	7.6448	119003123	20.9721	188307963	33.1858	81.6666	71	1.9504
SRX7732008_SRR11093193_150bp_filtered_bwamem2	ONT_fragmented_longreads	samtools_bam_qc_v3	S_lycopersicum_4.00	509417379	401893573	78.89	5692519	1.4164	28.7376	28	133856901	33.3066	40338928	10.0372	32377407	8.0562	86425443	21.5046	108894894	27.0955	56.6894	41	0.9143
